Refresh rate, cpu cycles, bus cycles, instr, branch instructions, branch misses, bpu access, bpu miss, cache ref, cache misses, dtlb read, dtlb miss, itlb read accesses, itlb read misses
1000000000,1346367846,62182977,823437205,194180220,110475,194840785,89454,2938117,0,8799,9863,0,0
1000000000,1341054342,61184211,799165325,187997037,19730,193469303,37758,3076307,100,13495,9922,0,0
1000000000,1379096769,62207566,783569879,179636530,63902,180987086,70307,3148433,0,69803,23029,13,11
1000000000,1405952379,62864307,804137863,184593093,31681,177621285,14732,2959146,0,5295,5755,0,0
1000000000,1359717152,62285134,808311933,188735627,35743,188679123,62247,2995129,0,5009,4950,0,0
1000000000,1267794181,60970390,792468603,185426547,52605,187380891,74639,3048691,96,13853,7893,0,0
1000000000,1228280648,61328384,775828841,178039912,11680,179013084,26185,3083188,0,14043,8935,0,0
1000000000,1263704217,63113848,810624830,184716471,91878,179693800,63720,2980890,0,6018,6961,0,0
1000000000,1213941247,63145107,827277192,195334920,31945,193197250,20601,2974201,0,5641,5320,0,0
1000000000,1310073131,61197909,787208531,186306399,16990,186995387,15922,3031236,94,5202,5669,0,0
1000000000,1325300350,60894207,801094065,188504309,32683,190029478,35341,3063036,93,14642,7480,0,0
1000000000,1328273918,61339926,835862139,195146153,49672,199728422,52173,2959530,0,4500,5037,31,0
1000000000,1362058570,63793152,852799633,199572279,118116,194594557,133321,2972648,0,7808,8065,0,0
1000000000,1372597700,61306712,784468730,182505163,15545,180825573,13397,2972259,0,6098,5979,0,0
1000000000,1373445684,60913773,761179999,178747617,15044,182212650,15314,3057681,122,5307,5525,0,0
1000000000,1373663422,61620157,771616190,178679838,13907,175890081,13125,3034291,0,5040,6482,8,7
1000000000,1356986033,63135902,845785888,194937355,11924,187070494,17434,2955728,0,5747,6469,0,0
1000000000,1385620577,61904197,783674590,185214361,16267,185927561,13853,3046535,0,8139,6201,0,0
1000000000,1330813704,60865683,788271497,183942241,26771,183860235,27154,3035660,124,5071,4771,0,0
1000000000,1334928108,61397662,817113247,192996875,162184,196196946,221529,3046488,0,4223,7290,0,0
1000000000,1361989559,62647288,839985316,195252357,35796,194064262,12790,2933387,0,4146,7275,0,5
1000000000,1343277269,62613194,842818692,197491744,16897,194094085,15565,2946881,0,3715,5900,0,0
1000000000,1538446864,68971064,884417445,208647700,37493,205015090,14175,3003465,73,4558,9346,0,0
1000000000,1316402056,60882454,813409013,190886424,11631,192317465,12120,3052029,70,4661,6316,0,0
1000000000,1318375419,61684036,835403958,194023016,12752,194141204,14185,2978684,0,7076,5183,0,5
1000000000,1264370223,63911802,843950702,197256925,42648,190715673,39083,2948798,0,3824,7719,0,0
1000000000,1183534110,60917053,844960136,199972456,11593,202290260,12283,2928246,93,4219,7146,0,0
1000000000,1317975533,62307598,828335647,183550177,150368,202024615,146383,3033060,96,4266,5153,0,0
1000000000,1218043948,61369337,943792013,226198229,30502,231827873,24693,2843057,0,4461,5762,8,11
1000000000,1297851473,63617054,927677047,217878681,24250,212730700,21910,2877060,0,5179,8067,0,0
1000000000,1323295878,61963468,776946911,175904986,17992,169963665,41434,2948262,0,3532,5349,0,0
1000000000,1233989329,61429348,855993789,207446001,20526,216251880,19574,2934214,93,4301,5430,0,0
1000000000,1253552198,61468689,802595027,180650257,78794,185402570,170420,3138500,0,5784,6305,8,13
1000000000,1251179234,62822538,820574882,190844086,19720,189715053,12374,2937070,0,4324,5811,0,0
1000000000,1195256105,62458511,869108527,205355797,38485,202273263,13757,2930485,0,3294,5591,0,0
1000000000,1229176897,61431701,802744332,189020270,27819,192811619,29021,3032379,120,4275,5607,0,0
1000000000,1210396370,60869277,782687406,180656442,11854,180079926,26605,2944997,0,4816,5696,0,0
1000000000,1285521017,62930328,782678382,180540130,41919,177831922,33184,2996511,0,3728,5155,0,0
1000000000,1210572255,62955124,827868454,193264446,18879,190320694,19655,2939138,0,4135,5842,0,0
1000000000,1191031847,61377072,847597670,202021104,40943,204232179,39804,2957645,93,4126,6766,0,0
1000000000,1201771921,60864654,841858322,197236497,11731,198175669,12671,3041104,96,3970,5969,0,0
1000000000,1205998452,61417992,846996934,197116075,13930,195077974,13058,2946582,0,3989,6288,9,11
1000000000,1276384007,63855457,809589316,190502515,111959,186130032,116035,2968403,0,6878,8790,0,0
1000000000,1254906547,61190765,785577821,184856452,20405,190112770,19212,2980777,0,4712,5804,0,0
1000000000,1285271213,61377523,784179895,184175211,17083,189352008,42891,3086796,92,3450,5447,0,0
1000000000,1241040567,61147576,790669095,184221078,39077,183618980,16010,3016355,0,4683,6549,8,11
1000000000,1246043433,63732365,841675134,194014900,28877,190279456,32011,2936103,0,3715,6523,0,0
1000000000,1230826101,62038150,843469287,200169816,15455,198953914,15763,3008982,0,3847,6549,0,0
1000000000,1195653370,61054337,818736980,192572636,28263,196994924,19861,3019468,86,3497,5623,0,0
1000000000,1212212090,61419802,815583857,188760698,13786,187564640,12005,3047468,0,3721,7450,0,0
1000000000,1229125240,62438451,861206990,200241141,34404,198941647,34338,2921003,0,3017,5451,0,0
1000000000,1190699832,62545399,876860500,206427415,12670,203027424,14878,2927710,0,3553,5817,0,0
1000000000,1209268727,62496418,846396603,199572393,62128,200252325,16865,2986589,117,3956,6841,0,0
1000000000,1245222998,60859368,775659488,179836131,14287,181276940,14548,3041836,0,4454,4494,0,0
1000000000,1293566673,61862805,799696549,183794863,13762,183245848,14511,2969253,0,4295,7058,0,6
1000000000,1207414150,63852688,860830888,200837332,16615,195031473,38048,2961586,0,4998,7796,0,0
1000000000,1218799997,60885101,817866426,192572953,12369,195123305,12117,2951378,91,3244,5731,0,0
1000000000,1249023084,60904199,798982363,188388856,133594,194434806,139086,3062220,99,3493,5762,0,0
1000000000,1189881725,61137471,840225436,196631862,12436,196286837,13830,2961131,0,4433,6516,8,11
1000000000,1263809606,64020550,849635280,196345111,38695,189408949,11916,2948424,0,3927,5696,0,0
1000000000,1282443614,61596203,789411371,186340282,13727,186029929,15955,2983675,0,3253,7808,0,0
1000000000,1199354045,60896812,816270483,192398265,14894,198509759,15226,3025473,96,4152,6100,0,0
1000000000,1221112914,61457444,837338338,196419153,11851,195642299,33159,3065906,0,4824,7821,10,11
1000000000,1275271248,62788334,826492819,190141027,12629,187002285,12876,2944696,0,3621,5508,0,0
1000000000,1201343963,62167312,857754382,203372066,39280,202396961,40075,2935252,0,4467,7525,0,0
1000000000,1269638809,61944196,773117401,182786681,31123,187211248,28764,3030624,93,4500,7722,0,0
1000000000,1201930042,60906459,815718804,190977759,13108,191236517,13120,3041570,0,2973,5350,0,0
1000000000,1278286315,63108410,839602765,192872449,71602,188940381,15331,2954939,0,3746,6295,0,5
1000000000,1283687644,63370578,805131127,188218514,13491,183282810,12219,2976076,0,3811,6119,0,0
1000000000,1213920849,60958566,817063909,193553321,14794,198308887,39084,2986508,92,4241,7371,0,0
1000000000,1210466666,61879176,819270994,193567348,23706,193745142,13724,3064940,91,3070,5547,0,0
1000000000,1244237593,61628709,793764879,181914834,56706,177861478,45672,2897349,0,5062,5409,8,11
1000000000,1277605552,64034306,805022910,186024985,87991,184223637,115152,2999797,0,4483,6892,0,0
1000000000,1261822924,61880120,816473617,192956444,104398,188780166,17677,2976832,0,4528,5010,0,0
1000000000,1252444407,60934318,769057615,178793634,20204,180517157,16732,3107669,96,4430,4647,0,0
1000000000,1233298563,61403692,808376484,186365190,38575,180902972,52104,3029544,0,4366,6084,12,11
1000000000,1291370530,63199159,821613129,188771541,12470,182192563,11912,2959642,0,3743,5537,0,0
1000000000,1249979553,62018283,813505699,190887147,40558,191853633,15828,3009178,0,4696,5282,0,0
1000000000,1212048711,61521898,799686156,187227817,31167,187761847,15650,3044115,84,4407,5469,0,0
1000000000,1189899104,61030356,809167464,189192434,11878,189997928,13351,3021302,0,3647,6340,0,0
1000000000,1202393602,62524867,849502770,196307991,24536,193831763,41137,2945925,0,3593,6765,0,0
1000000000,1177915063,62558340,837036651,194879815,17497,193628663,15934,2945386,0,3971,6445,0,0
1000000000,1182601169,62265844,840041879,199052334,109066,201571377,36096,2985587,93,3520,6226,0,0
1000000000,1165580662,60881125,832706513,195480268,11858,196234889,11715,3038172,0,3176,5832,0,0
1000000000,1180376166,62043947,847766017,196158176,38216,193152017,16168,2937504,0,4347,6589,0,5
1000000000,1227962743,63289484,825546744,191210111,21870,185157851,18811,2982052,0,4881,8128,0,0
1000000000,1263612355,61323885,803168800,188317574,11375,190229198,10680,2967348,91,3941,4404,0,0
1000000000,1207396593,60857671,786159899,184227005,85744,189941078,138443,3122389,99,4335,4898,0,0
1000000000,1219550541,61144696,799981095,185100302,12359,181717067,12360,2990565,0,4459,5837,8,12
1000000000,1257357264,63802236,814967392,189417815,41710,180184585,39870,2968154,0,3796,5069,0,0
1000000000,1187156174,61438419,819809213,193709032,17868,191249036,17910,2958129,0,4516,6239,0,0
1000000000,1229218240,60928425,751609474,173716221,14742,175391266,13981,3082514,92,4367,5129,0,0
1000000000,1222220775,61333765,786300128,182653477,12606,178957186,11478,3071326,0,3888,5308,8,8
1000000000,1268293261,62871354,774848303,176891655,13243,172934867,12148,2957459,0,4133,5328,0,0
1000000000,1208585820,62144648,776335723,180968625,12454,178695615,38517,2964424,0,4579,4942,0,0
1000000000,1253701938,61723159,729228393,170857067,27654,174728280,19038,3014913,94,3836,6903,0,0
1000000000,1215719798,60865271,793463625,184876170,12856,184464176,13771,2992941,0,3403,5838,0,0
1000000000,1251206819,63345409,830095407,191845145,84444,187156711,17946,2915107,0,4845,7042,0,5
1000000000,1179478881,62836349,825744011,192099361,10790,187754982,11179,2919497,0,4083,5443,0,0
1000000000,1284679192,61328080,719694105,169468182,13116,175646897,13572,2987955,90,3841,5365,0,0
100000000,124466425,6408315,81582222,19329188,823,16693564,980,281370,0,437,670,0,0
100000000,121379111,6395372,83404961,19109329,1444,18209397,2293,305559,0,815,654,0,0
100000000,134673354,6413096,77365307,16623936,1263,16597243,1167,309918,0,441,359,0,0
100000000,134683824,6256532,61824956,14531476,1472,14606583,1021,310335,0,135,373,0,0
100000000,141129286,5659979,64839847,15148194,25258,15947220,22132,310011,0,432,637,0,0
100000000,115343485,5637554,66649073,15566313,1047,17505228,1261,309593,0,836,830,0,0
100000000,105746338,5644814,73593018,17752509,1278,18992729,901,312569,0,493,372,22,0
100000000,106436390,5682970,71803999,18357294,2472,18871814,2381,306721,0,136,106,24,0
100000000,114085913,6404242,81024788,18997204,1114,18635478,1113,306608,0,132,632,0,0
100000000,129428862,6400629,75198933,17821060,767,18516677,997,312510,0,775,634,0,0
100000000,133996438,6421212,83103511,19256508,2049,19505847,1828,269251,89,698,887,0,0
100000000,126326601,6429747,87681597,20619869,2931,19995892,1460,268774,88,120,167,0,0
100000000,153840338,6412025,73899381,17950107,1031,17398333,1053,272284,88,90,744,0,0
100000000,132081180,6417631,74731018,17033152,1545,15667896,1507,271925,89,422,754,0,0
100000000,123887792,6398976,81923255,19370047,1455,17100757,1857,302156,0,738,736,0,0
100000000,120499337,6400561,84167148,18286826,948,18634751,1313,306319,0,380,392,0,0
100000000,130088469,6443922,79588837,18300208,2359,18375602,1317,303315,0,111,725,0,0
100000000,117782477,5809697,79733022,18425914,1216,17871969,1125,304111,0,380,848,0,0
100000000,106228647,5640777,79329930,18349172,1222,19109863,1282,306931,0,648,707,0,0
100000000,102235130,5675434,78611957,17937856,1185,19045678,1432,304926,0,416,783,0,5
100000000,110456234,5657117,80242708,20177656,1357,20737969,759,302914,0,131,122,9,11
100000000,115539882,6134328,85227254,20627371,1138,20707477,1130,303087,0,139,719,9,11
100000000,115507088,6441295,85896002,19573814,1486,18882148,1439,306388,0,745,1272,0,0
100000000,128915796,6396182,73433935,16987969,772,16703399,1346,288023,91,675,702,0,0
100000000,128878073,6406687,76766968,18149268,1212,18141117,767,271682,90,136,87,0,0
100000000,155932169,7090037,85814577,19801049,25330,18616058,2568,272347,91,103,1428,0,0
100000000,139118354,6411650,78941855,18893728,75041,21704990,103984,297403,94,392,822,0,0
100000000,117846630,6402012,88304645,20749660,899,18701608,1727,282816,0,674,702,0,0
100000000,126344523,6408841,88028263,19818458,1110,18794429,979,304895,0,455,425,0,0
100000000,133721775,6410261,76138658,17108474,2273,18060398,1507,303551,0,152,724,0,0
100000000,123489854,6151676,74989373,16855361,1236,16455649,1197,309497,0,378,756,0,0
100000000,123052001,5646645,79697052,18631583,1154,19363415,1870,303300,0,681,730,0,0
100000000,116141945,5644188,65077952,15238397,1263,16594026,922,310465,0,417,415,0,5
100000000,123877302,5643565,62411893,14316632,1330,15028611,1044,312679,0,152,268,9,11
100000000,116250110,5801720,76994966,19916291,1096,20283237,1446,306321,0,112,761,13,7
100000000,127608868,6405066,81772291,18665727,1365,17458989,1407,307828,0,690,719,0,0
100000000,117944371,6407074,87135943,20444868,1072,20536168,1018,297999,85,675,728,0,0
100000000,125929907,6400618,84832602,19292355,1628,18599943,2166,271486,103,146,85,0,0
100000000,147393211,6410219,75940388,17957339,874,17892369,992,271534,82,106,741,0,0
100000000,132552334,6404823,81333509,19021790,740,18803558,917,270324,70,383,690,0,0
100000000,117877878,6403631,88205179,20721909,1463,18723693,1516,266804,56,723,707,0,0
100000000,133048757,6541323,83227793,18577797,2150,17225142,2087,301652,0,741,1192,0,0
100000000,144101764,6402273,69509331,14324300,1470,14008648,1260,310182,0,99,416,0,0
100000000,118132649,6419909,80064685,18225034,1824,17198756,1637,305428,0,370,721,0,0
100000000,133383330,5711842,68755780,16052062,1442,17751159,1699,306072,0,735,751,0,0
100000000,115272743,5649067,64769675,14888827,2036,16552814,2052,310226,0,435,553,0,0
100000000,110923096,5646855,77425352,18180077,1552,20344637,821,303411,0,106,120,0,5
100000000,118111263,5670133,73076682,18668991,2492,18219101,2246,310353,0,119,759,9,11
100000000,118387219,6235698,71834825,16822447,788,16847049,970,309365,0,695,762,9,11
100000000,126883097,6405746,74925707,17106779,1115,17523066,1228,308767,0,658,708,0,0
100000000,118368503,6443794,85716871,19664315,1758,19230886,1215,280272,90,142,390,0,0
100000000,134596992,6427265,88540434,20764046,2898,19495528,1531,268549,91,101,725,0,0
100000000,134757350,6412266,75644292,17892873,721,17403356,800,272796,89,433,745,0,0
100000000,144662778,6418573,69916389,16878596,1372,16931285,1986,272138,87,698,1121,0,0
100000000,134392954,6406804,70493754,16304440,23489,16107791,24564,296550,0,125,149,0,0
100000000,136582021,6852055,88225631,19601970,2183,18221869,1406,304057,0,117,402,0,0
100000000,127444626,6404705,69782040,15760317,1469,16589060,15038,323834,0,385,824,0,0
100000000,121844824,6032722,74416756,17621482,1538,18202326,2929,308052,0,695,885,0,0
100000000,113470624,5654118,75174338,17859470,1060,19246552,914,305184,0,423,434,0,0
100000000,121233566,5648506,72686046,16669461,1975,18699137,1713,304121,0,100,271,0,5
100000000,112687434,5649134,77675697,19143179,845,19885740,831,306663,0,121,787,9,11
100000000,105850865,5903495,81951856,20513254,1000,19357706,1406,305986,0,706,745,9,11
100000000,128772842,6411389,71931064,16101097,2941,16995468,3612,310230,0,768,876,0,0
100000000,118978418,6417034,87069959,20689963,1516,20675096,1045,293748,91,125,144,0,0
100000000,134550258,6406213,87223884,20501922,923,20517799,966,266884,92,93,750,0,0
100000000,133710433,6407998,79560971,18905242,1208,19752458,1725,268799,89,393,1022,0,0
100000000,134624188,6399926,66370050,15304290,918,15583541,1852,272776,81,709,767,0,0
100000000,126060967,6404853,82139447,19255550,1012,17252139,1223,275704,0,122,94,0,0
100000000,131074779,6410099,80065946,18250000,1205,17272958,1197,303571,0,133,428,0,0
100000000,134507578,6404155,70371201,14769799,1643,14865822,1365,310666,0,385,701,0,0
100000000,134510232,6365003,63701381,14919404,1133,15167679,815,308612,0,636,697,0,0
100000000,136537834,5642069,66831356,15137380,1193,15453537,1539,309510,0,381,399,0,0
100000000,112877674,5637817,76199870,18096228,1087,19951329,740,307090,0,115,428,0,0
100000000,112604275,5641856,77605467,18423081,1007,19821586,2006,307551,0,411,893,0,5
100000000,113363919,5648477,79394354,19949066,1073,19272883,1253,306138,0,753,881,9,14
100000000,122307491,6370713,76337459,18429219,23845,18745965,25069,310288,0,480,650,11,11
100000000,135156966,6408776,76263716,17832387,2123,18482797,1828,348277,0,333,90,0,0
100000000,137014790,6415022,85210938,20121054,3657,19435960,3582,280133,125,82,394,0,0
100000000,138382021,6414077,76510715,17363747,942,17345170,1210,271759,95,750,740,0,0
100000000,129047948,6405084,76462240,18116054,1595,17922348,2180,270956,93,687,686,0,0
100000000,117996732,6434688,88566192,20837684,1548,18641696,1141,266563,118,117,146,0,0
100000000,147419835,6408423,77301602,17859369,1557,16413080,1574,297960,0,110,411,0,0
100000000,126245146,6406829,87762310,19313640,860,18547737,1030,303691,0,449,742,0,0
100000000,118459794,6449204,82579392,18728903,1711,18745391,1623,302902,0,694,963,0,0
100000000,129134318,5923321,68777855,16300569,1683,16826081,1867,309377,0,420,397,0,0
100000000,136006131,5670896,70043947,16181659,2406,17301042,1069,309627,0,139,566,0,0
100000000,114825869,6125018,72487840,17034919,1745,17984961,1036,310193,0,437,1238,0,0
100000000,111591427,5640519,71029914,17199937,2261,17935037,1879,309925,0,684,749,9,11
100000000,106102594,6011481,81174861,19548441,796,19136133,860,305912,0,439,430,9,11
100000000,113567942,6413424,87607074,20557994,1448,20526710,931,303236,0,105,77,0,0
100000000,134930407,6410683,83210475,18914566,1329,18526517,1021,289907,88,100,775,0,0
100000000,123472405,6669545,90708627,20695649,29125,19460490,2920,269594,95,694,738,0,0
100000000,134689812,6407448,70791142,16098063,847,16328876,1072,271639,90,726,742,0,0
100000000,127174645,6443394,85173080,19696977,2404,18766230,1917,270960,91,397,1206,0,0
100000000,151365089,6403514,67937923,15349154,997,14137023,923,280438,0,112,406,0,0
100000000,130921740,6406831,83228271,19392418,1295,17754167,1312,306113,0,375,700,0,0
100000000,145039567,6429023,75753360,16068911,1319,17076865,1826,305221,0,717,1500,0,0
100000000,118125951,6272937,80529080,18516171,2675,17883899,965,306349,0,391,388,0,0
100000000,125544164,5651169,76900661,18268335,903,18372957,1102,305557,0,106,422,0,0
100000000,112817876,5651845,77296881,18429228,1231,19739805,1531,307167,0,418,910,0,5
10000000,19139167,1706140,22423960,5262046,191,2957519,127,0,0,0,12,0,0
10000000,0,0,4008886,2777426,388,4142851,403,0,0,0,0,0,0
10000000,0,0,0,0,76,1845980,122,95314,91,0,0,0,0
10000000,53961,0,0,0,0,0,0,58645,0,40,124,9,27
10000000,34916698,1237681,13607519,1125458,0,0,0,0,0,326,395,0,5
10000000,28260136,1973076,20054856,4662629,165,1997996,125,0,0,0,15,0,0
10000000,0,0,7710824,3413326,349,4571065,359,0,0,0,0,0,0
10000000,0,0,0,0,69,2503029,289,82952,88,0,0,0,0
10000000,0,0,0,0,0,0,0,70192,0,14,0,0,0
10000000,28646443,956229,10459776,401829,0,0,0,0,0,369,510,0,21
10000000,34887998,2033702,18997230,4398144,133,1053213,0,0,0,0,13,0,0
10000000,0,230647,10340287,4309514,381,4716134,194,0,0,0,0,0,0
10000000,0,0,0,0,82,3076259,311,69676,83,0,0,0,0
10000000,0,0,0,0,0,0,79,82926,0,16,0,0,0
10000000,22804458,683158,7454986,0,0,0,0,0,0,354,472,9,11
10000000,36400147,2039331,22232181,4898317,160,813177,0,0,0,28,16,0,0
10000000,0,512137,14245356,5193491,561,5192909,140,0,0,0,0,0,0
10000000,0,0,0,179274,94,4292497,363,54933,85,0,0,0,0
10000000,0,0,0,0,0,0,64,95931,61,0,0,0,0
10000000,25370471,412710,4528483,0,0,0,0,313,0,72,62,9,11
10000000,48037412,2041724,17837788,3391418,318,149028,0,0,0,31,16,0,0
10000000,0,771615,14065099,4326236,344,4326551,298,0,0,0,0,0,0
10000000,0,0,0,818193,414,4647931,1064,43705,115,0,0,0,0
10000000,0,0,0,0,0,0,147,97728,110,0,0,0,0
10000000,22599664,142706,1508492,0,0,0,0,13322,0,74,222,28,15
10000000,49304850,2053974,16644111,2598257,372,0,0,0,0,39,55,0,0
10000000,5571527,1039721,18944778,4895897,289,4352195,157,0,0,0,0,0,0
10000000,0,0,0,1505511,322,4847870,409,30368,89,0,0,0,0
10000000,0,0,0,0,0,391296,121,97603,90,0,0,0,0
10000000,15298663,0,0,0,0,0,0,26572,0,33,121,9,11
10000000,47113895,1907616,17800663,2437404,563,0,0,0,0,44,85,0,0
10000000,12494240,1318032,16695269,3822721,244,2858175,125,0,0,0,0,0,0
10000000,0,0,884955,1916577,420,4496335,483,16805,90,0,0,0,0
10000000,0,0,0,0,0,1006927,101,97612,60,0,0,0,0
10000000,8996595,0,0,0,0,0,0,40118,0,37,35,8,11
10000000,48919833,1624613,13063021,1534557,100,0,0,0,0,43,352,0,0
10000000,18202327,1586453,19280203,4471150,174,2802148,103,0,0,0,0,0,0
10000000,0,0,3543473,2584551,535,4558483,608,3784,89,0,0,0,0
10000000,0,0,0,0,0,1861201,91,95749,90,0,0,0,0
10000000,1306580,0,0,0,0,0,0,52257,0,34,36,9,11
10000000,35767156,1357282,14939978,1461831,0,0,0,0,0,324,382,0,5
10000000,22296430,1856313,22248419,5218435,180,2531611,118,0,0,0,11,0,0
10000000,0,0,6841044,3738223,342,5272219,352,0,0,0,0,0,0
10000000,0,0,0,0,65,2550604,130,88206,93,0,0,0,0
10000000,0,0,0,0,0,0,0,83316,0,33,0,0,0
10000000,31101426,1085158,11826393,735220,0,0,0,0,0,370,421,0,5
10000000,28090981,2036588,22336108,5240022,196,1861399,0,0,0,0,14,0,0
10000000,0,106950,10205934,4445113,645,5309894,587,0,0,0,0,0,0
10000000,0,0,0,0,81,3250397,380,74005,71,0,0,0,0
10000000,0,0,0,0,0,0,90,77701,0,15,0,0,0
10000000,25448707,817911,9137547,34071,0,0,0,0,0,369,435,0,5
10000000,33805927,2040372,22620448,5310540,168,1230058,0,0,0,0,9,0,0
10000000,0,377417,12900376,5095616,744,5256838,730,0,0,0,0,0,0
10000000,0,0,0,0,220,3993254,711,61724,100,0,0,0,0
10000000,0,0,0,0,0,0,122,90248,0,7,0,0,0
10000000,32115748,535985,5451339,0,0,0,0,0,0,386,542,29,0
10000000,44347355,2038058,19231881,3840768,622,427971,0,0,0,38,19,0,0
10000000,0,655719,14336804,4712282,1156,4709467,198,0,0,0,0,0,0
10000000,0,0,0,485997,119,4283564,2023,50270,92,0,0,0,0
10000000,0,0,0,0,0,0,82,97360,91,0,0,0,0
10000000,23422534,270035,2642127,0,0,0,0,7445,0,75,78,31,0
10000000,49120877,2045868,18837615,3096750,156,0,0,0,0,34,27,0,0
10000000,2579139,913861,17708889,4780787,601,4557547,239,0,0,0,0,0,0
10000000,0,0,0,1076260,97,4627491,417,36497,59,0,0,0,0
10000000,0,0,0,0,0,125042,115,95685,93,0,0,0,0
10000000,16969199,16825,120573,0,0,0,0,20003,0,101,75,35,0
10000000,66846787,3038155,29064609,4277457,182,0,0,0,0,38,11,0,0
10000000,12250753,1747367,29447194,7250700,713,6039674,161,0,0,0,0,0,0
10000000,0,0,0,2731609,397,6494497,460,24083,48,0,0,0,0
10000000,0,0,0,0,0,971240,607,70880,49,0,0,0,0
10000000,19133670,0,0,0,0,0,0,33162,0,12,110,0,16
10000000,72833523,2630349,22879761,2967403,121,0,0,0,0,16,35,0,0
10000000,23574624,2175688,26504558,6273217,818,4261355,114,0,0,0,0,0,0
10000000,0,0,2963759,3149797,351,6256237,423,10132,50,0,0,0,0
10000000,0,0,0,0,0,1833323,107,98259,50,0,0,0,0
10000000,8934948,0,0,0,0,0,0,47065,0,11,107,0,16
10000000,73067776,2215221,19353901,2106952,0,0,0,0,0,16,384,0,16
10000000,33444053,2587059,26364054,6239859,176,3411765,119,0,0,0,12,0,0
10000000,0,0,6646216,4050230,702,6287789,712,0,0,0,0,0,0
10000000,0,0,0,0,73,2692174,131,94802,50,0,0,0,0
10000000,0,0,0,0,0,0,0,60836,0,1,0,0,0
10000000,71469880,1783752,15578659,1241450,0,0,0,0,0,26,385,0,0
10000000,43803263,3018794,26434471,6258918,208,2543616,93,0,0,0,8,0,0
10000000,0,0,11352733,4732401,854,5809344,871,0,0,0,0,0,0
10000000,0,0,0,0,129,2897300,524,79369,89,0,0,0,0
10000000,0,0,0,0,0,0,0,73530,0,0,0,0,0
10000000,39150955,907498,8495710,242078,0,0,0,0,0,371,362,0,0
10000000,34020253,2033649,19003777,4403016,190,1193861,0,0,0,0,6,0,0
10000000,0,287327,10476673,4173336,493,4485934,458,0,0,0,0,0,0
10000000,0,0,0,0,80,3732189,170,65280,88,0,0,0,0
10000000,0,0,0,0,0,0,274,86515,0,1,0,0,0
10000000,30049931,635534,7054429,0,0,0,0,0,0,376,330,18,0
10000000,37509932,2037717,22379927,4802626,149,705698,0,0,0,26,20,0,0
10000000,0,555537,14968170,5254007,639,5253494,610,0,0,0,0,0,0
10000000,0,0,0,321667,109,4427748,198,52861,89,0,0,0,0
10000000,0,0,0,0,0,0,257,95715,70,0,0,0,0
10000000,24403158,361047,3991506,0,0,0,0,2934,0,414,352,24,0
10000000,42942582,2043241,22521927,4148352,119,0,0,0,0,33,17,0,0
10000000,456515,828748,17849946,5248756,802,5241616,179,0,0,0,0,0,0
10000000,0,0,0,994935,127,5072634,662,40259,90,0,0,0,0
1000000,0,0,0,0,0,0,117,10645,89,0,0,0,0
1000000,0,0,0,0,0,0,99,10558,56,0,0,0,0
1000000,0,0,0,0,0,0,83,10452,69,0,0,0,0
1000000,0,0,0,0,0,0,99,10420,117,0,0,0,0
1000000,0,0,0,0,0,0,0,10249,89,0,0,0,0
1000000,0,0,0,0,0,0,0,10533,82,0,0,0,0
1000000,0,0,0,0,0,0,0,10336,91,0,0,0,0
1000000,0,0,0,0,0,0,0,10331,88,0,0,0,0
1000000,0,0,0,0,0,0,0,10323,83,0,0,0,0
1000000,0,0,0,0,0,0,0,10557,82,0,0,0,0
1000000,0,0,0,0,0,0,0,5839,0,0,0,0,0
1000000,0,0,0,0,0,0,0,0,0,0,0,0,0
1000000,0,0,0,0,0,0,0,0,0,0,0,0,0
1000000,0,0,0,0,0,0,0,0,0,5,0,5,0
1000000,3745778,0,0,0,0,0,0,0,0,42,142,20,16
1000000,5201645,0,0,0,0,0,0,0,0,396,277,31,0
1000000,5013127,0,0,0,0,0,0,0,0,51,17,30,0
1000000,4962906,63624,749427,0,0,0,0,0,0,114,120,31,16
1000000,5157119,245438,2710036,0,0,0,0,0,0,95,111,31,15
1000000,5127956,243812,2645679,0,0,0,0,0,0,88,111,25,16
1000000,5117491,243824,2723267,0,0,0,0,0,0,89,111,30,16
1000000,5076339,241853,2696769,499734,0,0,0,0,0,30,121,0,17
1000000,5039964,240558,2534386,589238,0,0,0,0,0,0,112,0,16
1000000,5053300,240243,2655192,620118,0,0,0,0,0,0,108,0,16
1000000,5015952,239039,2668490,622405,119,0,0,0,0,0,10,0,0
1000000,4988830,237650,2660820,622284,105,0,0,0,0,0,0,0,0
1000000,5000137,238312,2650297,618394,104,0,0,0,0,0,0,0,0
1000000,4983618,237857,2612207,608686,100,0,0,0,0,0,0,0,0
1000000,1365944,235735,2709955,636097,189,524757,0,0,0,0,0,0,0
1000000,0,244623,2704666,631107,321,631003,0,0,0,0,0,0,0
1000000,0,237284,2647177,619231,95,620030,0,0,0,0,0,0,0
1000000,0,185055,2614471,609259,145,607248,110,0,0,0,0,0,0
1000000,0,0,2614363,610404,105,611454,100,0,0,0,0,0,0
1000000,0,0,2556415,596213,92,596577,87,0,0,0,0,0,0
1000000,0,0,2650622,619790,105,619368,110,0,0,0,0,0,0
1000000,0,0,860253,612564,172,612855,172,0,0,0,0,0,0
1000000,0,0,0,610322,94,609244,87,0,0,0,0,0,0
1000000,0,0,0,571797,94,571445,97,0,0,0,0,0,0
1000000,0,0,0,513333,136,605013,139,0,0,0,0,0,0
1000000,0,0,0,0,96,606047,109,0,0,0,0,0,0
1000000,0,0,0,0,93,605070,77,0,0,0,0,0,0
1000000,0,0,0,0,78,604853,88,0,0,0,0,0,0
1000000,0,0,0,0,75,574645,146,6179,69,0,0,0,0
1000000,0,0,0,0,0,603147,124,10496,70,0,0,0,0
1000000,0,0,0,0,0,623149,299,10681,57,0,0,0,0
1000000,0,0,0,0,0,584725,115,10396,70,0,0,0,0
1000000,0,0,0,0,0,0,84,10455,55,0,0,0,0
1000000,0,0,0,0,0,0,84,10561,68,0,0,0,0
1000000,0,0,0,0,0,0,75,10258,68,0,0,0,0
1000000,0,0,0,0,0,0,78,10120,82,0,0,0,0
1000000,0,0,0,0,0,0,0,10552,84,0,0,0,0
1000000,0,0,0,0,0,0,0,10421,81,0,0,0,0
1000000,0,0,0,0,0,0,0,10109,72,0,0,0,0
1000000,0,0,0,0,0,0,0,10473,90,0,0,0,0
1000000,0,0,0,0,0,0,0,10548,82,0,0,0,0
1000000,0,0,0,0,0,0,0,10530,81,0,0,0,0
1000000,0,0,0,0,0,0,0,7726,0,0,0,0,0
1000000,0,0,0,0,0,0,0,0,0,0,0,0,0
1000000,0,0,0,0,0,0,0,0,0,359,0,0,0
1000000,0,0,0,0,0,0,0,0,0,0,0,0,0
1000000,2923008,0,0,0,0,0,0,0,0,36,54,19,0
1000000,5035016,0,0,0,0,0,0,0,0,57,15,30,1
1000000,4998747,0,0,0,0,0,0,0,0,58,15,30,1
1000000,4948868,22715,332477,0,0,0,0,0,0,116,109,25,16
1000000,5112592,243597,2712910,0,0,0,0,0,0,77,111,25,16
1000000,5106701,243303,2719478,0,0,0,0,0,0,83,110,24,16
1000000,5083521,242654,2648923,0,0,0,0,0,0,84,111,30,15
1000000,5079593,241903,2583475,375795,0,0,0,0,0,29,116,0,17
1000000,5064543,241115,2685251,627740,0,0,0,0,0,0,111,0,17
1000000,5077412,241367,2687074,626312,0,0,0,0,0,0,109,0,16
1000000,5074935,242146,2867388,674025,108,0,0,0,0,0,11,0,0
1000000,5004237,238240,2664993,621374,102,0,0,0,0,0,0,0,0
1000000,5002834,237798,2503176,584612,99,0,0,0,0,0,0,0,0
1000000,5147936,245800,2720743,634009,352,0,0,0,0,0,0,0,0
1000000,2224430,233579,2602481,607775,147,382227,0,0,0,0,0,0,0
1000000,0,238466,2671110,623776,98,622691,0,0,0,0,0,0,0
1000000,0,237715,2604061,607445,96,607698,0,0,0,0,0,0,0
1000000,0,224063,2534544,590201,119,589396,75,0,0,0,0,0,0
1000000,0,0,2560405,598649,105,600387,102,0,0,0,0,0,0
1000000,0,0,2650499,618443,97,617496,101,0,0,0,0,0,0
1000000,0,0,2667517,622091,110,620998,111,0,0,0,0,0,0
1000000,0,0,1327011,577677,159,578532,162,0,0,0,0,0,0
1000000,0,0,0,598746,102,600427,103,0,0,0,0,0,0
1000000,0,0,0,613710,90,611437,89,0,0,0,0,0,0
1000000,0,0,0,610401,90,612444,100,0,0,0,0,0,0
1000000,0,0,0,43504,154,614308,155,0,0,0,0,0,0
1000000,0,0,0,0,83,599605,93,0,0,0,0,0,0
1000000,0,0,0,0,94,577237,91,0,0,0,0,0,0
1000000,0,0,0,0,74,616572,391,4731,70,0,0,0,0
1000000,0,0,0,0,0,618127,136,10641,70,0,0,0,0
1000000,0,0,0,0,0,613750,83,10609,57,0,0,0,0
1000000,0,0,0,0,0,601944,89,10477,57,0,0,0,0
1000000,0,0,0,0,0,90732,164,10006,68,0,0,0,0
1000000,0,0,0,0,0,0,84,10517,56,0,0,0,0
1000000,0,0,0,0,0,0,85,10572,69,0,0,0,0
1000000,0,0,0,0,0,0,75,10487,103,0,0,0,0
1000000,0,0,0,0,0,0,0,10060,80,0,0,0,0
1000000,0,0,0,0,0,0,0,10469,81,0,0,0,0
1000000,0,0,0,0,0,0,0,10520,58,0,0,0,0
1000000,0,0,0,0,0,0,0,10545,91,0,0,0,0
100000,0,0,0,0,0,0,0,1919,90,0,0,0,0
100000,0,0,0,0,0,0,0,1905,83,0,0,0,0
100000,0,0,0,0,0,0,0,1902,80,0,0,0,0
100000,0,0,0,0,0,0,0,1904,82,0,0,0,0
100000,0,0,0,0,0,0,0,1906,56,0,0,0,0
100000,0,0,0,0,0,0,0,1896,72,0,0,0,0
100000,0,0,0,0,0,0,0,1882,57,0,0,0,0
100000,0,0,0,0,0,0,0,1890,69,0,0,0,0
100000,0,0,0,0,0,0,0,1893,70,0,0,0,0
100000,0,0,0,0,0,0,0,1829,69,0,0,0,0
100000,0,0,0,0,0,0,0,1791,69,0,0,0,0
100000,0,0,0,0,0,0,0,1771,78,0,0,0,0
100000,0,0,0,0,0,0,0,1810,66,0,0,0,0
100000,0,0,0,0,0,0,0,1830,70,0,0,0,0
100000,0,0,0,0,0,0,0,1878,57,0,0,0,0
100000,0,0,0,0,0,0,0,434,0,22,0,0,0
100000,0,0,0,0,0,0,0,0,0,5,0,0,0
100000,0,0,0,0,0,0,0,0,0,344,0,5,0
100000,0,0,0,0,0,0,0,0,0,6,0,6,0
100000,0,0,0,0,0,0,0,0,0,6,0,6,0
100000,0,0,0,0,0,0,0,0,0,6,0,6,0
100000,0,0,0,0,0,0,0,0,0,6,0,6,0
100000,0,0,0,0,0,0,0,0,0,6,0,5,0
100000,0,0,0,0,0,0,0,0,0,6,0,6,0
100000,0,0,0,0,0,0,0,0,0,6,0,6,0
100000,0,0,0,0,0,0,0,0,0,21,0,5,0
100000,0,0,0,0,0,0,0,0,0,6,0,6,0
100000,0,0,0,0,0,0,0,0,0,6,0,6,0
100000,0,0,0,0,0,0,0,0,0,6,0,5,0
100000,0,0,0,0,0,0,0,0,0,6,0,5,0
100000,0,0,0,0,0,0,0,0,0,7,0,6,0
100000,0,0,0,0,0,0,0,0,0,6,0,6,0
100000,0,0,0,0,0,0,0,0,0,6,0,6,0
100000,0,0,0,0,0,0,0,0,0,5,0,6,0
100000,0,0,0,0,0,0,0,0,0,9,6,2,0
100000,1391699,0,0,0,0,0,0,0,0,9,15,0,0
100000,1580278,0,0,0,0,0,0,0,0,9,15,0,0
100000,1622852,0,0,0,0,0,0,0,0,7,15,0,0
100000,1626495,0,0,0,0,0,0,0,0,7,15,0,0
100000,1623525,0,0,0,0,0,0,0,0,7,15,0,0
100000,1626829,0,0,0,0,0,0,0,0,7,15,0,0
100000,1625526,0,0,0,0,0,0,0,0,7,15,0,0
100000,1628960,0,0,0,0,0,0,0,0,7,15,0,0
100000,1624193,0,0,0,0,0,0,0,0,7,15,0,0
100000,1627467,0,0,0,0,0,0,0,0,7,15,0,0
100000,1624188,0,0,0,0,0,0,0,0,8,15,0,0
100000,1626119,0,0,0,0,0,0,0,0,7,15,0,0
100000,1623258,0,0,0,0,0,0,0,0,7,15,0,0
100000,1625126,0,0,0,0,0,0,0,0,7,15,0,0
100000,1625275,0,0,0,0,0,0,0,0,7,16,0,0
100000,1626917,0,0,0,0,0,0,0,0,7,15,0,0
100000,1628996,0,0,0,0,0,0,0,0,8,15,0,0
100000,1685311,7961,133455,0,0,0,0,0,0,12,111,0,16
100000,1787134,81160,811190,0,0,0,0,0,0,7,113,0,15
100000,1737920,78937,796722,0,0,0,0,0,0,7,112,0,17
100000,1736547,78988,797995,0,0,0,0,0,0,7,112,0,15
100000,1733037,78763,795860,0,0,0,0,0,0,7,111,0,16
100000,1736380,78897,792204,0,0,0,0,0,0,7,113,0,15
100000,1732290,78737,765459,0,0,0,0,0,0,7,110,0,15
100000,1731689,78723,765374,0,0,0,0,0,0,7,111,0,16
100000,1735086,78913,763252,0,0,0,0,0,0,9,110,0,16
100000,1737823,78947,767130,0,0,0,0,0,0,7,112,0,16
100000,1734704,78809,785355,0,0,0,0,0,0,7,112,0,16
100000,1734411,78889,798627,0,0,0,0,0,0,7,113,0,17
100000,1735988,78929,798799,0,0,0,0,0,0,7,112,0,16
100000,1733222,78727,797092,0,0,0,0,0,0,8,111,0,16
100000,1734373,78870,796905,0,0,0,0,0,0,9,111,0,17
100000,1735455,78882,797272,0,0,0,0,0,0,7,111,0,17
100000,1733641,78861,800339,0,0,0,0,0,0,7,113,0,17
100000,1912397,87231,1009822,100456,0,0,0,0,0,7,25,0,0
100000,1698887,76855,772295,179946,0,0,0,0,0,0,15,0,0
100000,1682272,76528,772957,180346,0,0,0,0,0,0,15,0,0
100000,1680373,76389,769472,179408,0,0,0,0,0,0,15,0,0
100000,1681359,76438,772319,180155,0,0,0,0,0,0,15,0,0
100000,1680062,76355,764823,178332,0,0,0,0,0,0,16,0,0
100000,1681291,76409,772071,179873,0,0,0,0,0,0,16,0,0
100000,1683082,76481,770275,179694,0,0,0,0,0,0,16,0,0
100000,1679898,76403,771529,180003,0,0,0,0,0,0,15,0,0
100000,1681855,76441,771987,179840,0,0,0,0,0,0,15,0,0
100000,1680052,76356,769656,179404,0,0,0,0,0,0,15,0,0
100000,1677504,76236,769802,179498,0,0,0,0,0,0,15,0,0
100000,1677786,76283,770548,179625,0,0,0,0,0,0,15,0,0
100000,1679051,76271,766605,178636,0,0,0,0,0,0,15,0,0
100000,1679682,76383,770874,179665,0,0,0,0,0,0,15,0,0
100000,1683122,76519,761801,177539,0,0,0,0,0,0,16,0,0
100000,1679896,76346,742281,173054,0,0,0,0,0,0,15,0,0
100000,1682714,76534,740908,171808,0,0,0,0,0,0,15,0,0
100000,1672847,76094,726612,168675,147,0,0,0,0,0,0,0,0
100000,1645355,74708,735997,171633,95,0,0,0,0,0,0,0,0
100000,1627382,74024,744798,173701,90,0,0,0,0,0,0,0,0
100000,1629811,73996,739736,172286,89,0,0,0,0,0,0,0,0
100000,1626079,74005,741178,172759,84,0,0,0,0,0,0,0,0
100000,1625470,73858,742791,173367,87,0,0,0,0,0,0,0,0
100000,2533933,115401,1137158,266367,689,0,0,0,0,0,0,0,0
100000,1661788,75356,747569,174419,105,0,0,0,0,0,0,0,0
100000,1627092,73949,741382,172659,85,0,0,0,0,0,0,0,0
100000,1653583,75110,745440,173915,92,0,0,0,0,0,0,0,0
100000,1671208,72694,765104,178645,85,0,0,0,0,0,0,0,0
100000,1673024,72773,769167,179322,80,0,0,0,0,0,0,0,0
100000,1679012,73069,764363,178505,79,0,0,0,0,0,0,0,0
10000,1049806,45481,511540,118148,84,0,0,0,0,0,0,0,0
10000,1038952,45173,512148,118297,106,0,0,0,0,0,0,0,0
10000,1135258,49380,657491,154855,179,0,0,0,0,0,0,0,0
10000,1035600,44987,510011,117967,81,0,0,0,0,0,0,0,0
10000,1037803,45152,511105,118154,92,0,0,0,0,0,0,0,0
10000,1035406,45021,509491,117595,89,0,0,0,0,0,0,0,0
10000,1036251,45023,510652,118149,84,0,0,0,0,0,0,0,0
10000,992492,50437,788154,201297,250,136569,0,0,0,0,0,0,0
10000,0,53085,571289,119267,93,117981,0,0,0,0,0,0,0
10000,0,45028,500609,115387,77,115616,0,0,0,0,0,0,0
10000,0,45044,492948,113725,82,113659,0,0,0,0,0,0,0
10000,0,44929,494095,114297,73,114627,0,0,0,0,0,0,0
10000,0,45159,512173,118353,85,118130,0,0,0,0,0,0,0
10000,0,45077,510325,118001,81,117799,0,0,0,0,0,0,0
10000,0,45039,510861,117839,79,118132,0,0,0,0,0,0,0
10000,0,45062,510830,118165,76,118029,0,0,0,0,0,0,0
10000,0,45033,509565,117815,70,118005,0,0,0,0,0,0,0
10000,0,45039,512802,118549,76,118401,0,0,0,0,0,0,0
10000,0,44916,509611,117596,80,117588,0,0,0,0,0,0,0
10000,0,45025,511034,118201,81,118329,0,0,0,0,0,0,0
10000,0,45156,512902,118426,77,118115,0,0,0,0,0,0,0
10000,0,45001,506915,117108,77,117451,0,0,0,0,0,0,0
10000,0,45074,511215,118298,74,117789,0,0,0,0,0,0,0
10000,0,45233,487676,112413,72,112272,0,0,0,0,0,0,0
10000,0,45131,490476,113452,78,113573,0,0,0,0,0,0,0
10000,0,45644,596923,139969,93,140265,0,0,0,0,0,0,0
10000,0,46261,502332,115649,86,115494,0,0,0,0,0,0,0
10000,0,45082,494828,114530,75,114885,0,0,0,0,0,0,0
10000,0,45233,513768,118812,80,118711,0,0,0,0,0,0,0
10000,0,45258,513077,118469,74,118491,0,0,0,0,0,0,0
10000,0,45193,514061,118815,73,118694,0,0,0,0,0,0,0
10000,0,45068,510806,118048,75,118200,0,0,0,0,0,0,0
10000,0,45167,511321,117995,74,117867,0,0,0,0,0,0,0
10000,0,45144,509963,118044,72,118311,0,0,0,0,0,0,0
10000,0,45192,513206,118528,70,118534,0,0,0,0,0,0,0
10000,0,45199,512796,118513,76,118448,0,0,0,0,0,0,0
10000,0,45085,510999,118210,70,118113,0,0,0,0,0,0,0
10000,0,45065,513177,118626,73,118621,0,0,0,0,0,0,0
10000,0,31904,428625,96779,272,96546,257,0,0,0,0,0,0
10000,0,0,418509,94137,93,94180,83,0,0,0,0,0,0
10000,0,0,413939,94309,85,93539,90,0,0,0,0,0,0
10000,0,0,414195,93032,84,93140,87,0,0,0,0,0,0
10000,0,0,421816,94204,87,94085,82,0,0,0,0,0,0
10000,0,0,554331,128623,103,128645,110,0,0,0,0,0,0
10000,0,0,405141,91166,85,92182,84,0,0,0,0,0,0
10000,0,0,413619,93075,99,93186,94,0,0,0,0,0,0
10000,0,0,417531,93971,75,93859,74,0,0,0,0,0,0
10000,0,0,420387,94897,81,94038,81,0,0,0,0,0,0
10000,0,0,536367,124881,110,124958,105,0,0,0,0,0,0
10000,0,0,410726,91333,82,91277,84,0,0,0,0,0,0
10000,0,0,406229,91266,79,91335,81,0,0,0,0,0,0
10000,0,0,403781,90831,84,90741,80,0,0,0,0,0,0
10000,0,0,405874,107898,106,122607,106,0,0,0,0,0,0
10000,0,0,523768,103032,81,89276,82,0,0,0,0,0,0
10000,0,0,400852,90713,78,89925,78,0,0,0,0,0,0
10000,0,0,392733,87992,80,88920,81,0,0,0,0,0,0
10000,0,0,401072,90085,76,90845,82,0,0,0,0,0,0
10000,0,0,407128,92480,73,90757,72,0,0,0,0,0,0
10000,0,0,397834,89151,88,89190,93,0,0,0,0,0,0
10000,0,0,405941,90357,86,91781,83,0,0,0,0,0,0
10000,0,0,474970,109013,109,109244,113,0,0,0,0,0,0
10000,0,0,415090,93684,87,93177,85,0,0,0,0,0,0
10000,0,0,415779,93688,91,92782,88,0,0,0,0,0,0
10000,0,0,410239,92499,77,92740,82,0,0,0,0,0,0
10000,0,0,405718,91405,79,92096,81,0,0,0,0,0,0
10000,0,0,470195,116387,101,115267,99,0,0,0,0,0,0
10000,0,0,443255,92432,75,93178,75,0,0,0,0,0,0
10000,0,0,410463,92298,79,91535,84,0,0,0,0,0,0
10000,0,0,367692,94920,192,96480,191,0,0,0,0,0,0
10000,0,0,0,87731,83,87641,77,0,0,0,0,0,0
10000,0,0,0,88760,57,88566,57,0,0,0,0,0,0
10000,0,0,0,88153,59,88272,58,0,0,0,0,0,0
10000,0,0,0,87341,55,87310,56,0,0,0,0,0,0
10000,0,0,0,88123,58,88101,57,0,0,0,0,0,0
10000,0,0,0,84922,62,84590,62,0,0,0,0,0,0
10000,0,0,0,85919,58,85799,58,0,0,0,0,0,0
10000,0,0,0,85794,54,85616,55,0,0,0,0,0,0
10000,0,0,0,85664,61,85764,60,0,0,0,0,0,0
10000,0,0,0,121364,78,121566,79,0,0,0,0,0,0
10000,0,0,0,85910,58,85746,58,0,0,0,0,0,0
10000,0,0,0,85180,56,85335,55,0,0,0,0,0,0
10000,0,0,0,85916,57,85729,57,0,0,0,0,0,0
10000,0,0,0,85566,60,85745,60,0,0,0,0,0,0
10000,0,0,0,86298,55,86237,56,0,0,0,0,0,0
10000,0,0,0,85536,59,85572,58,0,0,0,0,0,0
10000,0,0,0,85972,59,85930,60,0,0,0,0,0,0
10000,0,0,0,86095,56,86115,57,0,0,0,0,0,0
10000,0,0,0,86037,60,85981,59,0,0,0,0,0,0
10000,0,0,0,85703,59,85501,59,0,0,0,0,0,0
10000,0,0,0,85310,54,85434,53,0,0,0,0,0,0
10000,0,0,0,125578,73,125403,73,0,0,0,0,0,0
10000,0,0,0,85671,58,85768,59,0,0,0,0,0,0
10000,0,0,0,85324,65,85425,73,0,0,0,0,0,0
10000,0,0,0,85906,61,85797,56,0,0,0,0,0,0
10000,0,0,0,86440,58,86657,58,0,0,0,0,0,0
10000,0,0,0,127828,70,127628,70,0,0,0,0,0,0
10000,0,0,0,85655,60,85540,61,0,0,0,0,0,0
10000,0,0,0,84698,55,84575,54,0,0,0,0,0,0
10000,0,0,0,84531,53,84726,54,0,0,0,0,0,0
10000,0,0,0,86523,65,86590,64,0,0,0,0,0,0
1000,0,0,0,70528,224,158262,459,0,0,0,0,0,0
1000,0,0,0,0,268,70241,72,0,0,0,0,0,0
1000,0,0,0,0,65,70208,69,0,0,0,0,0,0
1000,0,0,0,0,64,70302,77,0,0,0,0,0,0
1000,0,0,0,0,71,70651,74,0,0,0,0,0,0
1000,0,0,0,0,72,89518,82,0,0,0,0,0,0
1000,0,0,0,0,110,81808,83,0,0,0,0,0,0
1000,0,0,0,0,57,72051,58,0,0,0,0,0,0
1000,0,0,0,0,55,71185,53,0,0,0,0,0,0
1000,0,0,0,0,60,73363,71,0,0,0,0,0,0
1000,0,0,0,0,68,72791,71,0,0,0,0,0,0
1000,0,0,0,0,92,108076,95,0,0,0,0,0,0
1000,0,0,0,0,91,73812,87,0,0,0,0,0,0
1000,0,0,0,0,81,73600,75,0,0,0,0,0,0
1000,0,0,0,0,294,108090,301,0,0,0,0,0,0
1000,0,0,0,0,78,74475,77,0,0,0,0,0,0
1000,0,0,0,0,65,103044,92,0,0,0,0,0,0
1000,0,0,0,0,76,72964,57,0,0,0,0,0,0
1000,0,0,0,0,57,72646,69,0,0,0,0,0,0
1000,0,0,0,0,67,73159,70,0,0,0,0,0,0
1000,0,0,0,0,60,72171,70,0,0,0,0,0,0
1000,0,0,0,0,75,72209,66,0,0,0,0,0,0
1000,0,0,0,0,81,113234,82,0,0,0,0,0,0
1000,0,0,0,0,63,73470,70,0,0,0,0,0,0
1000,0,0,0,0,63,72160,69,0,0,0,0,0,0
1000,0,0,0,0,69,72325,72,0,0,0,0,0,0
1000,0,0,0,0,75,72387,66,0,0,0,0,0,0
1000,0,0,0,0,62,73247,60,0,0,0,0,0,0
1000,0,0,0,0,58,73656,57,0,0,0,0,0,0
1000,0,0,0,0,55,73066,50,0,0,0,0,0,0
1000,0,0,0,0,49,72288,58,0,0,0,0,0,0
1000,0,0,0,0,61,72386,65,0,0,0,0,0,0
1000,0,0,0,0,66,72788,81,0,0,0,0,0,0
1000,0,0,0,0,79,73797,63,0,0,0,0,0,0
1000,0,0,0,0,56,72516,55,0,0,0,0,0,0
1000,0,0,0,0,53,73770,58,0,0,0,0,0,0
1000,0,0,0,0,55,74767,60,0,64,0,0,0,0
1000,0,0,0,0,48,122303,292,948,69,0,0,0,0
1000,0,0,0,0,0,82807,83,968,56,0,0,0,0
1000,0,0,0,0,0,79724,75,957,55,0,0,0,0
1000,0,0,0,0,0,80987,84,967,67,0,0,0,0
1000,0,0,0,0,0,81222,80,943,55,0,0,0,0
1000,0,0,0,0,0,119896,84,773,56,0,0,0,0
1000,0,0,0,0,0,79426,74,958,55,0,0,0,0
1000,0,0,0,0,0,78556,73,943,53,0,0,0,0
1000,0,0,0,0,0,77768,86,936,54,0,0,0,0
1000,0,0,0,0,0,78430,74,919,53,0,0,0,0
1000,0,0,0,0,0,77482,73,915,56,0,0,0,0
1000,0,0,0,0,0,80075,69,952,55,0,0,0,0
1000,0,0,0,0,0,78864,75,943,56,0,0,0,0
1000,0,0,0,0,0,79455,89,959,56,0,0,0,0
1000,0,0,0,0,0,80187,91,944,55,0,0,0,0
1000,0,0,0,0,0,78732,76,957,68,0,0,0,0
1000,0,0,0,0,0,81578,74,969,55,0,0,0,0
1000,0,0,0,0,0,80065,76,943,68,0,0,0,0
1000,0,0,0,0,0,80722,78,957,69,0,0,0,0
1000,0,0,0,0,0,80648,75,945,55,0,0,0,0
1000,0,0,0,0,0,78601,76,942,56,0,0,0,0
1000,0,0,0,0,0,78894,70,947,56,0,0,0,0
1000,0,0,0,0,0,79224,70,946,69,0,0,0,0
1000,0,0,0,0,0,78821,78,905,51,0,0,0,0
1000,0,0,0,0,0,76977,70,922,54,0,0,0,0
1000,0,0,0,0,0,114674,83,748,65,0,0,0,0
1000,0,0,0,0,0,78702,73,914,54,0,0,0,0
1000,0,0,0,0,0,76215,74,918,52,0,0,0,0
1000,0,0,0,0,0,77557,73,911,54,0,0,0,0
1000,0,0,0,0,0,78814,81,956,56,0,0,0,0
1000,0,0,0,0,0,79933,70,940,68,0,0,0,0
1000,0,0,0,0,0,79075,76,942,55,0,0,0,0
1000,0,0,0,0,0,79993,75,956,55,0,0,0,0
1000,0,0,0,0,0,79224,75,948,68,0,0,0,0
1000,0,0,0,0,0,79724,74,944,55,0,0,0,0
1000,0,0,0,0,0,32946,172,571,67,0,0,0,0
1000,0,0,0,0,0,0,77,961,67,0,0,0,0
1000,0,0,0,0,0,0,65,934,67,0,0,0,0
1000,0,0,0,0,0,0,62,936,66,0,0,0,0
1000,0,0,0,0,0,0,64,931,65,0,0,0,0
1000,0,0,0,0,0,0,54,935,66,0,0,0,0
1000,0,0,0,0,0,0,66,933,66,0,0,0,0
1000,0,0,0,0,0,0,60,933,65,0,0,0,0
1000,0,0,0,0,0,0,60,933,65,0,0,0,0
1000,0,0,0,0,0,0,59,933,66,0,0,0,0
1000,0,0,0,0,0,0,60,933,65,0,0,0,0
1000,0,0,0,0,0,0,69,767,65,0,0,0,0
1000,0,0,0,0,0,0,61,932,64,0,0,0,0
1000,0,0,0,0,0,0,58,933,66,0,0,0,0
1000,0,0,0,0,0,0,65,933,66,0,0,0,0
1000,0,0,0,0,0,0,54,933,66,0,0,0,0
1000,0,0,0,0,0,0,61,870,67,0,0,0,0
1000,0,0,0,0,0,0,68,928,67,0,0,0,0
1000,0,0,0,0,0,0,66,935,66,0,0,0,0
1000,0,0,0,0,0,0,51,931,66,0,0,0,0
1000,0,0,0,0,0,0,60,930,66,0,0,0,0
1000,0,0,0,0,0,0,59,934,66,0,0,0,0
1000,0,0,0,0,0,0,64,921,62,0,0,0,0
1000,0,0,0,0,0,0,55,894,65,0,0,0,0
1000,0,0,0,0,0,0,57,882,63,0,0,0,0
1000,0,0,0,0,0,0,55,891,65,0,0,0,0
1000,0,0,0,0,0,0,65,894,61,0,0,0,0
1000,0,0,0,0,0,0,53,896,65,0,0,0,0
100,0,0,0,0,0,0,73,870,61,0,0,0,0
100,0,0,0,0,0,0,54,880,61,0,0,0,0
100,0,0,0,0,0,0,63,880,63,0,0,0,0
100,0,0,0,0,0,0,60,880,63,0,0,0,0
100,0,0,0,0,0,0,64,877,66,0,0,0,0
100,0,0,0,0,0,0,58,924,66,0,0,0,0
100,0,0,0,0,0,0,59,924,66,0,0,0,0
100,0,0,0,0,0,0,58,923,66,0,0,0,0
100,0,0,0,0,0,0,63,754,55,0,0,0,0
100,0,0,0,0,0,0,0,877,55,0,0,0,0
100,0,0,0,0,0,0,0,869,55,0,0,0,0
100,0,0,0,0,0,0,0,873,55,0,0,0,0
100,0,0,0,0,0,0,0,868,55,0,0,0,0
100,0,0,0,0,0,0,0,874,56,0,0,0,0
100,0,0,0,0,0,0,0,885,55,0,0,0,0
100,0,0,0,0,0,0,0,874,56,0,0,0,0
100,0,0,0,0,0,0,0,867,57,0,0,0,0
100,0,0,0,0,0,0,0,871,55,0,0,0,0
100,0,0,0,0,0,0,0,872,68,0,0,0,0
100,0,0,0,0,0,0,0,870,56,0,0,0,0
100,0,0,0,0,0,0,0,884,55,0,0,0,0
100,0,0,0,0,0,0,0,868,55,0,0,0,0
100,0,0,0,0,0,0,0,873,68,0,0,0,0
100,0,0,0,0,0,0,0,870,54,0,0,0,0
100,0,0,0,0,0,0,0,866,54,0,0,0,0
100,0,0,0,0,0,0,0,882,55,0,0,0,0
100,0,0,0,0,0,0,0,882,55,0,0,0,0
100,0,0,0,0,0,0,0,868,55,0,0,0,0
100,0,0,0,0,0,0,0,869,56,0,0,0,0
100,0,0,0,0,0,0,0,884,55,0,0,0,0
100,0,0,0,0,0,0,0,868,70,0,0,0,0
100,0,0,0,0,0,0,0,867,55,0,0,0,0
100,0,0,0,0,0,0,0,877,54,0,0,0,0
100,0,0,0,0,0,0,0,869,55,0,0,0,0
100,0,0,0,0,0,0,0,868,55,0,0,0,0
100,0,0,0,0,0,0,0,886,56,0,0,0,0
100,0,0,0,0,0,0,0,875,55,0,0,0,0
100,0,0,0,0,0,0,0,864,55,0,0,0,0
100,0,0,0,0,0,0,0,869,68,0,0,0,0
100,0,0,0,0,0,0,0,870,55,0,0,0,0
100,0,0,0,0,0,0,0,870,55,0,0,0,0
100,0,0,0,0,0,0,0,870,56,0,0,0,0
100,0,0,0,0,0,0,0,869,67,0,0,0,0
100,0,0,0,0,0,0,0,870,55,0,0,0,0
100,0,0,0,0,0,0,0,867,54,0,0,0,0
100,0,0,0,0,0,0,0,868,56,0,0,0,0
100,0,0,0,0,0,0,0,912,55,0,0,0,0
100,0,0,0,0,0,0,0,870,56,0,0,0,0
100,0,0,0,0,0,0,0,999,55,0,0,0,0
100,0,0,0,0,0,0,0,898,69,0,0,0,0
100,0,0,0,0,0,0,0,873,55,0,0,0,0
100,0,0,0,0,0,0,0,870,55,0,0,0,0
100,0,0,0,0,0,0,0,880,55,0,0,0,0
100,0,0,0,0,0,0,0,871,55,0,0,0,0
100,0,0,0,0,0,0,0,869,55,0,0,0,0
100,0,0,0,0,0,0,0,869,69,0,0,0,0
100,0,0,0,0,0,0,0,834,53,0,0,0,0
100,0,0,0,0,0,0,0,830,52,0,0,0,0
100,0,0,0,0,0,0,0,840,65,0,0,0,0
100,0,0,0,0,0,0,0,834,54,0,0,0,0
100,0,0,0,0,0,0,0,834,52,0,0,0,0
100,0,0,0,0,0,0,0,820,64,0,0,0,0
100,0,0,0,0,0,0,0,829,54,0,0,0,0
100,0,0,0,0,0,0,0,830,52,0,0,0,0
100,0,0,0,0,0,0,0,834,56,0,0,0,0
100,0,0,0,0,0,0,0,865,56,0,0,0,0
100,0,0,0,0,0,0,0,884,54,0,0,0,0
100,0,0,0,0,0,0,0,878,56,0,0,0,0
100,0,0,0,0,0,0,0,866,55,0,0,0,0
100,0,0,0,0,0,0,0,872,55,0,0,0,0
100,0,0,0,0,0,0,0,880,55,0,0,0,0
100,0,0,0,0,0,0,0,871,55,0,0,0,0
100,0,0,0,0,0,0,0,878,54,0,0,0,0
100,0,0,0,0,0,0,0,865,56,0,0,0,0
100,0,0,0,0,0,0,0,1385,69,0,0,0,0
100,0,0,0,0,0,0,0,898,56,0,0,0,0
100,0,0,0,0,0,0,0,874,70,0,0,0,0
100,0,0,0,0,0,0,0,870,55,0,0,0,0
100,0,0,0,0,0,0,0,886,54,0,0,0,0
100,0,0,0,0,0,0,0,871,56,0,0,0,0
100,0,0,0,0,0,0,0,873,69,0,0,0,0
100,0,0,0,0,0,0,0,870,55,0,0,0,0
100,0,0,0,0,0,0,0,868,69,0,0,0,0
100,0,0,0,0,0,0,0,873,55,0,0,0,0
100,0,0,0,0,0,0,0,868,55,0,0,0,0
100,0,0,0,0,0,0,0,873,57,0,0,0,0
100,0,0,0,0,0,0,0,868,56,0,0,0,0
100,0,0,0,0,0,0,0,869,54,0,0,0,0
100,0,0,0,0,0,0,0,121,0,6,0,6,0
100,0,0,0,0,0,0,0,0,0,21,0,6,0
100,0,0,0,0,0,0,0,0,0,21,0,6,0
100,0,0,0,0,0,0,0,0,0,21,0,6,0
100,0,0,0,0,0,0,0,0,0,21,0,6,0
100,0,0,0,0,0,0,0,0,0,21,0,6,0
100,0,0,0,0,0,0,0,0,0,21,0,6,0
100,0,0,0,0,0,0,0,0,0,21,0,6,0
100,0,0,0,0,0,0,0,0,0,21,0,6,0
100,0,0,0,0,0,0,0,0,0,21,0,6,0
100,0,0,0,0,0,0,0,0,0,21,0,6,0
100,0,0,0,0,0,0,0,0,0,21,0,6,0
10,0,0,0,0,0,0,0,0,0,21,0,6,0
10,0,0,0,0,0,0,0,0,0,21,0,6,0
10,0,0,0,0,0,0,0,0,0,21,0,6,0
10,0,0,0,0,0,0,0,0,0,21,0,6,0
10,0,0,0,0,0,0,0,0,0,21,0,6,0
10,0,0,0,0,0,0,0,0,0,21,0,6,0
10,0,0,0,0,0,0,0,0,0,21,0,6,0
10,0,0,0,0,0,0,0,0,0,21,0,6,0
10,0,0,0,0,0,0,0,0,0,21,0,6,0
10,0,0,0,0,0,0,0,0,0,21,0,6,0
10,0,0,0,0,0,0,0,0,0,21,0,6,0
10,0,0,0,0,0,0,0,0,0,21,0,6,0
10,0,0,0,0,0,0,0,0,0,21,0,6,0
10,0,0,0,0,0,0,0,0,0,21,0,6,0
10,0,0,0,0,0,0,0,0,0,21,0,6,0
10,0,0,0,0,0,0,0,0,0,21,0,6,0
10,0,0,0,0,0,0,0,0,0,21,0,6,0
10,0,0,0,0,0,0,0,0,0,21,0,6,0
10,0,0,0,0,0,0,0,0,0,21,0,6,0
10,0,0,0,0,0,0,0,0,0,21,0,6,0
10,0,0,0,0,0,0,0,0,0,21,0,6,0
10,0,0,0,0,0,0,0,0,0,21,0,6,0
10,0,0,0,0,0,0,0,0,0,21,0,6,0
10,0,0,0,0,0,0,0,0,0,21,0,6,0
10,0,0,0,0,0,0,0,0,0,21,0,6,0
10,0,0,0,0,0,0,0,0,0,21,0,6,0
10,0,0,0,0,0,0,0,0,0,21,0,6,0
10,0,0,0,0,0,0,0,0,0,21,0,6,0
10,0,0,0,0,0,0,0,0,0,21,0,6,0
10,0,0,0,0,0,0,0,0,0,21,0,6,0
10,0,0,0,0,0,0,0,0,0,28,8,24,0
10,670921,0,0,0,0,0,0,0,0,67,0,25,0
10,788096,0,0,0,0,0,0,0,0,60,0,24,0
10,779589,0,0,0,0,0,0,0,0,61,1,24,0
10,766875,0,0,0,0,0,0,0,0,59,1,25,0
10,780291,0,0,0,0,0,0,0,0,67,1,24,0
10,766876,0,0,0,0,0,0,0,0,60,1,25,0
10,779585,0,0,0,0,0,0,0,0,60,1,24,0
10,774682,0,0,0,0,0,0,0,0,67,1,24,0
10,776340,0,0,0,0,0,0,0,0,66,1,25,0
10,777591,0,0,0,0,0,0,0,0,61,1,24,0
10,788308,0,0,0,0,0,0,0,0,67,1,25,0
10,789382,0,0,0,0,0,0,0,0,60,1,32,0
10,810081,0,0,0,0,0,0,0,0,72,1,24,0
10,777247,0,0,0,0,0,0,0,0,66,1,24,0
10,780539,0,0,0,0,0,0,0,0,62,1,25,0
10,787047,0,0,0,0,0,0,0,0,67,1,24,0
10,777657,0,0,0,0,0,0,0,0,66,1,24,0
10,765964,0,0,0,0,0,0,0,0,60,1,25,0
10,776153,0,0,0,0,0,0,0,0,67,1,25,0
10,768236,0,0,0,0,0,0,0,0,60,1,24,0
10,779605,0,0,0,0,0,0,0,0,68,1,24,0
10,781284,0,0,0,0,0,0,0,0,66,1,24,0
10,769270,0,0,0,0,0,0,0,0,59,1,25,0
10,769390,0,0,0,0,0,0,0,0,60,1,24,0
10,779229,0,0,0,0,0,0,0,0,60,1,24,0
10,779951,0,0,0,0,0,0,0,0,67,1,24,0
10,767445,0,0,0,0,0,0,0,0,61,1,26,0
10,781338,0,0,0,0,0,0,0,0,61,1,24,0
10,776619,0,0,0,0,0,0,0,0,69,1,24,1
10,778996,0,0,0,0,0,0,0,0,65,1,31,0
10,816668,0,0,0,0,0,0,0,0,71,1,24,0
10,780065,0,0,0,0,0,0,0,0,62,1,30,0
10,790602,0,0,0,0,0,0,0,0,61,1,25,0
10,793059,7103,125073,0,0,0,0,0,0,130,4,31,0
10,949841,39486,442594,0,0,0,0,0,0,110,0,31,0
10,937252,39086,443127,0,0,0,0,0,0,110,1,31,0
10,937610,39029,450093,0,0,0,0,0,0,110,1,31,0
10,936259,39003,452780,0,0,0,0,0,0,110,1,31,0
10,936380,39016,453118,0,0,0,0,0,0,111,1,31,0
10,936034,39000,453150,0,0,0,0,0,0,110,1,31,0
10,938766,39122,452162,0,0,0,0,0,0,110,1,31,0
10,936337,38995,451539,0,0,0,0,0,0,110,1,31,0
10,937982,39074,451208,0,0,0,0,0,0,110,1,31,0
10,934617,38924,450950,0,0,0,0,0,0,110,1,31,0
10,935517,38962,451815,0,0,0,0,0,0,110,1,31,0
10,934600,38950,454308,0,0,0,0,0,0,111,1,31,0
10,936532,39013,453134,0,0,0,0,0,0,110,1,31,0
10,936124,38975,449779,0,0,0,0,0,0,110,1,31,0
10,935698,38991,453120,0,0,0,0,0,0,110,2,31,0
10,935138,39009,453480,0,0,0,0,0,0,110,1,31,0
10,939169,39128,451474,0,0,0,0,0,0,110,1,31,0
10,938278,39074,453250,0,0,0,0,0,0,111,1,31,0
10,937768,39047,450214,0,0,0,0,0,0,110,1,31,0
10,938192,39121,453075,0,0,0,0,0,0,110,1,31,0
10,938396,39067,451296,0,0,0,0,0,0,110,0,31,0
10,939488,39171,453362,0,0,0,0,0,0,110,1,31,0
10,940381,39209,450576,0,0,0,0,0,0,110,1,31,0
10,940178,39134,455863,0,0,0,0,0,0,110,1,31,0
10,940314,39184,452479,0,0,0,0,0,0,111,1,31,0
10,939015,39128,455469,0,0,0,0,0,0,110,1,31,0
10,941718,39229,452953,0,0,0,0,0,0,110,1,31,0
10,955475,39812,457757,0,0,0,0,0,0,110,1,31,0
10,936449,38997,454779,0,0,0,0,0,0,107,4,0,0
10,1162844,48196,661220,152452,0,0,0,0,0,0,0,0,0
10,823827,34638,412388,92574,0,0,0,0,0,0,0,0,0
10,840472,34683,410428,93181,0,0,0,0,0,0,0,0,0
10,831426,34614,411479,91338,0,0,0,0,0,0,0,0,0
10,826299,34608,411454,92588,0,0,0,0,0,0,0,0,0
10,818860,34081,409246,92043,0,0,0,0,0,0,0,0,0
1,852403,35966,417389,93866,0,0,0,0,0,0,0,0,0
1,851720,35524,416323,93361,0,0,0,0,0,0,0,0,0
1,838002,34881,413156,93574,0,0,0,0,0,0,0,0,0
1,842307,34605,413568,92123,0,0,0,0,0,0,0,0,0
1,830202,34624,405954,91034,0,0,0,0,0,0,0,0,0
1,828871,34621,399463,90028,0,0,0,0,0,0,0,0,0
1,849925,35872,407230,90696,0,0,0,0,0,0,0,0,0
1,838813,34595,398060,89160,0,0,0,0,0,0,0,0,0
1,829611,35058,400947,89684,0,0,0,0,0,0,0,0,0
1,842183,34759,396478,88998,0,0,0,0,0,0,0,0,0
1,831463,35077,403191,90439,0,0,0,0,0,0,0,0,0
1,836517,34332,393835,88272,0,0,0,0,0,0,0,0,0
1,817485,34092,401960,91187,0,0,0,0,0,0,0,0,0
1,850458,35549,416902,92771,0,0,0,0,0,0,0,0,0
1,819330,34100,403813,90625,0,0,0,0,0,0,0,0,0
1,828345,34557,411856,92517,0,0,0,0,0,0,0,0,0
1,819535,34107,405959,91182,0,0,0,0,0,0,0,0,0
1,821175,34575,411654,92415,0,0,0,0,0,0,0,0,0
1,832986,34232,407210,92533,0,0,0,0,0,0,0,0,0
1,853788,35642,414317,92031,0,0,0,0,0,0,0,0,0
1,839340,35415,421170,94873,0,0,0,0,0,0,0,0,0
1,850950,35105,411007,92277,0,0,0,0,0,0,0,0,0
1,1195747,50440,556709,126344,0,0,0,0,0,0,255,0,0
1,874454,35925,415210,93202,0,0,0,0,0,0,2,0,0
1,829053,34676,411569,92374,0,0,0,0,0,0,0,0,0
1,632101,26775,333120,74331,116,0,0,0,0,0,2,0,0
1,822998,34329,392931,88276,94,0,0,0,0,0,0,0,0
1,817606,34070,393300,88392,91,0,0,0,0,0,0,0,0
1,816977,33997,392958,88210,88,0,0,0,0,0,0,0,0
1,816663,34029,393379,88248,84,0,0,0,0,0,0,0,0
1,818428,34153,394301,88569,81,0,0,0,0,0,0,0,0
1,818184,34059,393874,88537,76,0,0,0,0,0,0,0,0
1,816106,33959,393960,88475,79,0,0,0,0,0,0,0,0
1,816185,34002,395523,88802,79,0,0,0,0,0,0,0,0
1,815350,33965,390903,87688,76,0,0,0,0,0,0,0,0
1,816170,34063,392264,88024,82,0,0,0,0,0,0,0,0
1,815740,33946,392524,88053,82,0,0,0,0,0,0,0,0
1,817205,34041,394537,88853,84,0,0,0,0,0,0,0,0
1,816712,34064,392990,87954,79,0,0,0,0,0,0,0,0
1,815073,33949,393325,88365,76,0,0,0,0,0,0,0,0
1,816001,33940,393668,88388,76,0,0,0,0,0,0,0,0
1,813221,33895,392198,87909,77,0,0,0,0,0,0,0,0
1,815396,33954,393710,88489,76,0,0,0,0,0,0,0,0
1,814729,33999,393396,88348,76,0,0,0,0,0,0,0,0
1,817491,34023,383324,85905,74,0,0,0,0,0,0,0,0
1,818836,34123,384045,85693,81,0,0,0,0,0,0,0,0
1,815662,33949,387445,87347,75,0,0,0,0,0,0,0,0
1,814890,34001,394929,88773,71,0,0,0,0,0,0,0,0
1,818462,34071,393656,88229,81,0,0,0,0,0,0,0,0
1,814762,33941,393309,88424,79,0,0,0,0,0,0,0,0
1,816134,34008,394926,88501,87,0,0,0,0,0,0,0,0
1,818313,34089,392099,88169,81,0,0,0,0,0,0,0,0
1,817462,34037,393716,88320,82,0,0,0,0,0,0,0,0
1,815673,34024,395277,88698,81,0,0,0,0,0,0,0,0
1,817211,34056,393031,88395,75,0,0,0,0,0,0,0,0
1,816655,33998,391717,87687,70,0,0,0,0,0,0,0,0
1,815094,34008,393181,88289,82,0,0,0,0,0,0,0,0
1,817414,34053,394610,88630,80,0,0,0,0,0,0,0,0
1,494925,34879,401941,88007,148,79474,0,0,0,0,0,0,0
1,0,34476,382013,85681,76,85790,0,0,0,0,0,0,0
1,0,34626,385546,86280,102,86183,0,0,0,0,0,0,0
1,0,34143,388302,86811,90,85921,0,0,0,0,0,0,0
1,0,34130,385735,86402,91,87401,0,0,0,0,0,0,0
1,0,34633,396556,88866,97,89006,0,0,0,0,0,0,0
1,0,34169,396859,89074,78,88198,0,0,0,0,0,0,0
1,0,34098,396206,88596,82,89338,0,0,0,0,0,0,0
1,0,34499,398846,89434,81,90018,0,0,0,0,0,0,0
1,0,34522,400658,89864,82,89564,0,0,0,0,0,0,0
1,0,34570,398000,89274,86,89116,0,0,0,0,0,0,0
1,0,34599,396837,88965,81,89127,0,0,0,0,0,0,0
1,0,34516,398088,89317,75,89468,0,0,0,0,0,0,0
1,0,34534,398449,89406,86,89512,0,0,0,0,0,0,0
1,0,34646,398718,89053,84,89204,0,0,0,0,0,0,0
1,0,34103,401154,89913,75,89842,0,0,0,0,0,0,0
1,0,34486,397935,89475,73,89411,0,0,0,0,0,0,0
1,0,34570,398176,89104,84,88842,0,0,0,0,0,0,0
1,0,34481,400565,89768,83,90256,0,0,0,0,0,0,0
1,0,34475,400007,89779,74,89570,0,0,0,0,0,0,0
1,0,34480,397633,89060,73,89140,0,0,0,0,0,0,0
1,0,34491,396736,88993,84,89402,0,0,0,0,0,0,0
1,0,34582,398239,89229,81,88995,0,0,0,0,0,0,0
1,0,34446,398450,89297,76,89328,0,0,0,0,0,0,0
1,0,34655,398731,89503,85,89576,0,0,0,0,0,0,0
1,0,34599,397334,88811,88,89073,0,0,0,0,0,0,0
1,0,34594,399887,89774,89,89756,0,0,0,0,0,0,0
1,0,34650,397547,89162,81,89082,0,0,0,0,0,0,0
1,0,34533,400646,89845,76,89944,0,0,0,0,0,0,0
1,0,34560,400381,89940,82,89821,0,0,0,0,0,0,0
1,0,34696,398595,89036,81,89108,0,0,0,0,0,0,0
1,0,34503,391344,87552,85,87522,0,0,0,0,0,0,0
1,0,25777,319317,70160,117,69030,98,0,0,0,0,0,0
1,0,0,376407,84623,90,85102,88,0,0,0,0,0,0
1,0,0,382517,85845,84,85874,84,0,0,0,0,0,0
1,0,0,380458,84725,87,84907,88,0,0,0,0,0,0
1,0,0,383571,86273,77,86298,74,0,0,0,0,0,0
1,0,0,382377,85771,80,85477,79,0,0,0,0,0,0
1,0,0,379551,84752,82,84995,81,0,0,0,0,0,0
1,0,0,379664,85069,77,85103,76,0,0,0,0,0,0
1,0,0,390710,87966,78,88261,78,0,0,0,0,0,0
1,0,0,390493,87334,90,87287,87,0,0,0,0,0,0
